"id","datasheet","datasheet_local","desc","exclude_from_board","exclude_from_bom","footprint","height","keywords","manufacturer_name","manufacturer_pn","package","sub_requirements","symbol","type","value","vendor_name","vendor_pn","current","power","qualification","voltage"
"R_000_0805_2012Metric","https://www.vishay.com/docs/20065/rcse3.pdf","rcse3.pdf","Resistor - 0Ω jumper",0,0,"DM-Footprint:SMD_0805_2012Metric","0.45mm","R res resistor","Vishay / Dale","RCS08050000Z0EA","EIA 0805, 2012Metric","No sub","DM-Symbol:Resistor","SMD","0R","Mouser","71-RCS08050000Z0EA","4A max",,"AEC-Q200","150V max"
"R_000_0603_1608Metric","https://www.vishay.com/docs/20065/rcse3.pdf","rcse3.pdf","Resistor – 0Ω jumper",0,0,"DM-Footprint:SMD_0603_1608Metric","0.45mm","R res resistor","Vishay / Dale","RCS06030000Z0EA","EIA 0603, 1608Metric","No sub","DM-Symbol:Resistor","SMD","0R","Mouser","71-RCS06030000Z0EA","3.5A max",,"AEC-Q200","75V max"
"R_1003_0603_1608Metric","https://api.pim.na.industrial.panasonic.com/file_stream/main/fileversion/1263","1263_fileversion.pdf","Resistor - 100kΩ, ±1%",0,0,"DM-Footprint:SMD_0603_1608Metric","0.45mm","R res resistor","Panasonic","ERJ-3EKF1003V","EIA 0603, 1608Metric","No sub","DM-Symbol:Resistor","SMD","100k","Mouser","667-ERJ-3EKF1003V",,"100mW max","AEC-Q200","75V max"
"R_3162_0603_1608Metric","https://api.pim.na.industrial.panasonic.com/file_stream/main/fileversion/1263","1263_fileversion.pdf","Resistor - 31.6kΩ, ±1%",0,0,"DM-Footprint:SMD_0603_1608Metric","0.45mm","R res resistor","Panasonic","ERJ-3EKF3162V","EIA 0603, 1608Metric","No sub","DM-Symbol:Resistor","SMD","31k6","Mouser","667-ERJ-3EKF3162V",,"100mW max","AEC-Q200","75V max"
"R_1872_0603_1608Metric","https://api.pim.na.industrial.panasonic.com/file_stream/main/fileversion/1263","1263_fileversion.pdf","Resistor - 18.7kΩ, ±1%",0,0,"DM-Footprint:SMD_0603_1608Metric","0.45mm","R res resistor","Panasonic","ERJ-3EKF1872V","EIA 0603, 1608Metric","No sub","DM-Symbol:Resistor","SMD","18k7","Mouser","667-ERJ-3EKF1872V",,"100mW max","AEC-Q200","75V max"
"R_8661_0603_1608Metric","https://api.pim.na.industrial.panasonic.com/file_stream/main/fileversion/1263","1263_fileversion.pdf","Resistor - 8.66kΩ, ±1%",0,0,"DM-Footprint:SMD_0603_1608Metric","0.45mm","R res resistor","Panasonic","ERJ-3EKF8661V","EIA 0603, 1608Metric","No sub","DM-Symbol:Resistor","SMD","8k66","Mouser","667-ERJ-3EKF8661V",,"100mW max","AEC-Q200","75V max"
"R_Pack_510_Concave_4x0805","https://industrial.panasonic.com/cdbs/www-data/pdf/AOC0000/AOC0000C14.pdf","AOC0000C14.pdf","Resistor Network - 4x51Ω, Isolated, ±5%",0,0,"DM-Footprint:R_Pack_Concave_4x0805","0.70mm","R network parallel topology isolated","Panasonic","EXB-S8V510J","EIA 4x0805, 4x2012Metric","No sub","DM-Symbol:R_Pack04","SMD","51R","Mouser","667-EXB-S8V510J",,"100mW per",,"100V max, 200V overload"
"R_Pack_331_Concave_4x0805","https://industrial.panasonic.com/cdbs/www-data/pdf/AOC0000/AOC0000C14.pdf","AOC0000C14.pdf","Resistor Network - 4x330Ω, Isolated, ±5%",0,0,"DM-Footprint:R_Pack_Concave_4x0805","0.70mm","R network parallel topology isolated","Panasonic","EXB-S8V331J","EIA 4x0805, 4x2012Metric","No sub","DM-Symbol:R_Pack04","SMD","330R","Mouser","667-EXB-S8V331J",,"100mW per",,"100V max, 200V overload"
"R_Pack_103_Concave_4x0805","https://industrial.panasonic.com/cdbs/www-data/pdf/AOC0000/AOC0000C14.pdf","AOC0000C14.pdf","Resistor Network - 4x10kΩ, Isolated, ±5%",0,0,"DM-Footprint:R_Pack_Concave_4x0805","0.70mm","R network parallel topology isolated","Panasonic","EXB-S8V103J","EIA 4x0805, 2012Metric","No sub","DM-Symbol:R_Pack04","SMD","10k0","Mouser","667-EXB-S8V103J",,"100mW per",,"100V max, 200V overload"
